{"stim_duration": 127.56256235827665, "stim_onsets": [], "stim_shifted_onsets": [], "onset_is_played": [], "markers_onsets": [2000.0, 2280.0, 2510.0, 123562.56235827664, 123842.56235827664, 124072.56235827664], "stim_name": "stim_music1"}